client_id,client_primary_address,client_Fname,client_Lname,client_phone_number,client_email
1,9 Evergreen Circle,Allister,Ebbs,603-950-3778,aebbs0@sciencedaily.com
2,35237 Shopko Lane,Sileas,Wash,893-967-1950,swash1@issuu.com
3,540 Gateway Parkway,Dinnie,Hardes,595-817-7853,dhardes2@weibo.com
4,786 Loftsgordon Circle,Dee,Crebott,378-229-3987,dcrebott3@google.ru
5,4 Sycamore Park,Mortie,Bullion,776-878-5427,mbullion4@dailymail.co.uk
6,82 Rusk Point,Katerine,Spofforth,303-861-2375,kspofforth5@prnewswire.com
7,8 Ramsey Crossing,Kiel,Rieger,671-227-4822,krieger6@uiuc.edu
8,89257 Russell Plaza,Adriano,Winckworth,989-710-1532,awinckworth7@macromedia.com
9,628 Commercial Street,Klaus,Tommei,957-176-6095,ktommei8@narod.ru
10,73954 Mendota Circle,Alf,Rieflin,265-809-9623,arieflin9@behance.net
11,0598 Michigan Pass,Derek,McKenny,766-154-8778,dmckennya@merriam-webster.com
12,8428 Cordelia Park,Bobina,Gaye,119-905-9073,bgayeb@aol.com
13,8125 Lakewood Gardens Road,Kerry,Heggie,617-444-9243,kheggiec@creativecommons.org
14,99802 Mallard Street,Gav,MacMichael,353-346-5537,gmacmichaeld@nifty.com
15,59925 Village Road,Allan,Nelmes,769-568-7640,anelmese@smh.com.au
16,616 Brentwood Drive,Elicia,Iston,763-373-5802,eistonf@angelfire.com
17,975 Village Green Hill,Karlee,Tregidgo,945-456-9945,ktregidgog@newyorker.com
18,3 Basil Road,Franny,Buckett,266-961-3454,fbucketth@smugmug.com
19,42140 Charing Cross Junction,Grethel,Marshfield,287-562-6778,gmarshfieldi@nationalgeographic.com
20,8996 Stoughton Park,Rik,Posse,758-181-7946,rpossej@examiner.com
21,1016 Portage Pass,Biron,Vanns,409-222-7584,bvannsk@biblegateway.com
22,96373 Atwood Center,Coleen,Gerhartz,309-342-7904,cgerhartzl@g.co
23,55 Northport Circle,Deni,Bresman,326-833-8444,dbresmanm@pen.io
24,47 Caliangt Plaza,Eleonore,Dayce,327-299-5423,edaycen@mit.edu
25,4 Del Mar Avenue,Klaus,Vern,630-856-1579,kverno@tripadvisor.com
26,490 Rowland Terrace,Nobie,Jeanin,878-805-5799,njeaninp@globo.com
27,57 Melody Point,Fawne,Reiner,812-645-2490,freinerq@columbia.edu
28,7 Lakeland Terrace,Lotta,Yanez,245-333-2125,lyanezr@chicagotribune.com
29,547 Rutledge Pass,Jess,Popworth,349-883-7183,jpopworths@vistaprint.com
30,9 Vidon Circle,Boniface,Dilkes,698-653-4194,bdilkest@sohu.com
31,4590 Golden Leaf Hill,Algernon,Trigwell,412-618-8399,atrigwellu@blogs.com
32,640 Northport Parkway,Xavier,Kilgour,604-771-3177,xkilgourv@rediff.com
33,5 Boyd Terrace,Michale,Gawler,145-457-2470,mgawlerw@ovh.net
34,0318 Menomonie Alley,Celisse,Cutten,998-353-2462,ccuttenx@goo.ne.jp
35,744 Fair Oaks Court,Tammie,Averay,872-704-6291,taverayy@tmall.com
36,7 Maple Wood Trail,Abelard,Symcox,860-582-6412,asymcoxz@dyndns.org
37,85539 Barby Park,Brose,Jarmaine,279-296-5195,bjarmaine10@reddit.com
38,5 Arizona Avenue,Kincaid,Matelaitis,279-630-6197,kmatelaitis11@tamu.edu
39,01 Annamark Alley,Noellyn,Jedrachowicz,889-172-1099,njedrachowicz12@sciencedaily.com
40,1 Doe Crossing Alley,Giusto,Maghull,320-911-8238,gmaghull13@irs.gov
41,6 Lillian Center,Flore,Dosdell,725-125-4188,fdosdell14@ed.gov
42,6 Tomscot Avenue,Earlie,Siddell,624-552-8763,esiddell15@wp.com
43,590 Basil Hill,Taddeusz,Buglass,495-825-1783,tbuglass16@diigo.com
44,668 Grover Road,Nichole,Skydall,516-527-7310,nskydall17@mashable.com
45,4 Bunting Crossing,Giffer,MacUchadair,631-680-7913,gmacuchadair18@usnews.com
46,19 Quincy Crossing,Brade,Takos,967-463-9000,btakos19@who.int
47,9007 Fair Oaks Circle,Dania,Lawtie,636-560-5034,dlawtie1a@lycos.com
48,6 Kropf Street,Miller,Elham,710-732-0663,melham1b@amazon.com
49,4607 Spenser Alley,Dolf,Moncreiffe,315-750-8294,dmoncreiffe1c@blogs.com
50,71221 Schurz Road,Sollie,Wedlock,855-868-8332,swedlock1d@phpbb.com
51,1 Florence Alley,Geraldine,Astley,527-257-0600,gastley1e@fastcompany.com
52,9 Wayridge Center,Tamara,Edie,101-334-1976,tedie1f@msn.com
53,494 Artisan Street,Klement,Mechem,972-465-2199,kmechem1g@i2i.jp
54,30648 Mccormick Alley,Fred,Dullingham,164-861-4161,fdullingham1h@bluehost.com
55,24 Farwell Point,Hyacinthia,Billiard,933-526-0289,hbilliard1i@nymag.com
56,554 Sherman Alley,Ilsa,Alstead,638-549-4037,ialstead1j@cam.ac.uk
57,93818 Schmedeman Hill,Gretel,Accombe,505-307-2546,gaccombe1k@unblog.fr
58,9 Meadow Ridge Trail,Sloan,MacCaughey,241-781-3156,smaccaughey1l@tamu.edu
59,68 Dakota Road,Vanna,Borrow,443-132-5948,vborrow1m@discuz.net
60,4 1st Place,Harrietta,Leyborne,102-619-3161,hleyborne1n@cnet.com
61,430 Pepper Wood Junction,Ginger,Foulis,373-742-0629,gfoulis1o@ow.ly
62,5 Kropf Trail,Flory,Greensides,747-397-2463,fgreensides1p@chron.com
63,5846 Golf Course Place,Montague,Bladge,389-583-4450,mbladge1q@constantcontact.com
64,36633 Ramsey Plaza,Falito,Crebbin,391-694-4527,fcrebbin1r@biglobe.ne.jp
65,9 Porter Parkway,Christal,Woolen,261-727-9087,cwoolen1s@ihg.com
66,2 Pennsylvania Alley,Joellyn,Bauser,854-139-3854,jbauser1t@google.fr
67,46276 Continental Drive,Pieter,McCurdy,404-732-1684,pmccurdy1u@goodreads.com
68,0706 North Crossing,Simone,Godlonton,120-557-6945,sgodlonton1v@hud.gov
69,40 Spaight Hill,Merridie,Gudgin,322-653-3871,mgudgin1w@amazon.co.uk
70,3 Susan Alley,Stacy,Domniney,638-453-7640,sdomniney1x@pcworld.com
71,63827 Independence Way,Guthry,Hamstead,155-939-4798,ghamstead1y@ca.gov
72,0441 Hudson Center,Ilsa,Treen,983-414-3602,itreen1z@cisco.com
73,1384 Macpherson Point,Rosie,Geldeford,466-468-9017,rgeldeford20@live.com
74,7381 Homewood Hill,Debby,McEneny,790-255-4742,dmceneny21@tuttocitta.it
75,394 Macpherson Hill,Penny,Hasser,282-537-7334,phasser22@naver.com
76,79 Fuller Street,Brita,Guyton,247-457-2392,bguyton23@privacy.gov.au
77,85 Stuart Way,Bink,McAteer,303-190-3523,bmcateer24@tinyurl.com
78,96 Prairieview Parkway,Heloise,Pilipyak,194-491-5804,hpilipyak25@biglobe.ne.jp
79,55 Muir Crossing,Benedikta,Jordeson,179-168-6414,bjordeson26@com.com
80,31533 Merchant Plaza,Olimpia,Beaman,900-551-8630,obeaman27@disqus.com
81,034 Mayer Park,Powell,Titchmarsh,708-658-1589,ptitchmarsh28@fastcompany.com
82,4163 Butternut Park,Sioux,Barff,811-963-5849,sbarff29@pinterest.com
83,22744 Pennsylvania Road,Katleen,Wharby,243-940-9655,kwharby2a@google.com.hk
84,9 American Court,Flss,Southers,834-944-5817,fsouthers2b@ihg.com
85,4937 Rowland Lane,Isaac,Blanpein,793-383-3562,iblanpein2c@guardian.co.uk
86,27 Trailsway Street,Ruperto,Roswarne,683-215-4164,rroswarne2d@mac.com
87,3727 Namekagon Avenue,Dorie,Lombard,802-544-0937,dlombard2e@tripod.com
88,8 Mayfield Street,Jo-ann,Eacott,306-241-8109,jeacott2f@quantcast.com
89,89 Sommers Court,Retha,Harmeston,712-961-3800,rharmeston2g@devhub.com
90,78923 Forest Parkway,Emelyne,Leon,343-787-7073,eleon2h@ameblo.jp
91,116 Grim Crossing,Florie,Prisk,168-925-4717,fprisk2i@fema.gov
92,67 Huxley Way,Kaleb,Seacombe,682-960-5424,kseacombe2j@about.me
93,521 West Crossing,Cassy,Schechter,101-938-7470,cschechter2k@chronoengine.com
94,1 Ridgeway Street,Dolley,Bownd,279-235-7428,dbownd2l@hao123.com
95,5 Victoria Lane,Adriana,Kift,973-448-2397,akift2m@cloudflare.com
96,723 Melby Point,Wye,Lukins,908-658-3733,wlukins2n@wikia.com
97,647 Northport Point,Aurelea,Brahms,540-968-9710,abrahms2o@ftc.gov
98,577 Everett Place,Timofei,Burtonwood,297-245-6618,tburtonwood2p@rambler.ru
99,1 Mockingbird Way,Faun,Rimour,384-150-3070,frimour2q@huffingtonpost.com
100,57 Golden Leaf Center,Stan,Nicholson,158-487-1266,snicholson2r@storify.com
101,46517 Dovetail Park,Jareb,Mark,334-762-9627,jmark2s@cmu.edu
102,3 Laurel Park,Marlene,Romke,442-458-3299,mromke2t@youku.com
103,773 Lawn Alley,Filmore,Gatteridge,356-236-2055,fgatteridge2u@soundcloud.com
104,11 Pond Circle,Julie,Eim,497-400-8251,jeim2v@hugedomains.com
105,93 Oneill Crossing,Marlane,Karpenya,388-481-4268,mkarpenya2w@deviantart.com
106,0040 Sachs Court,Malcolm,Ilyas,325-856-4249,milyas2x@fastcompany.com
107,69 Schmedeman Road,Analiese,Ellens,664-660-7700,aellens2y@w3.org
108,12302 Melody Alley,Anet,Turbitt,516-750-8321,aturbitt2z@jugem.jp
109,506 Butternut Road,Lea,Cars,907-275-1617,lcars30@bing.com
110,5480 Columbus Parkway,Gavan,Officer,853-285-5898,gofficer31@infoseek.co.jp
111,107 Kinsman Court,Mignon,Sorsbie,960-114-7277,msorsbie32@digg.com
112,84476 Blaine Point,Burg,Durtnel,674-984-1130,bdurtnel33@indiegogo.com
113,5 Manley Circle,Adelbert,Lammerts,400-569-4198,alammerts34@nyu.edu
114,5 Lien Lane,Raye,Heinicke,764-314-8469,rheinicke35@studiopress.com
115,7 Sloan Trail,Mechelle,Arcase,527-838-7711,marcase36@paginegialle.it
116,82 Amoth Hill,Ketti,Gidden,296-148-7000,kgidden37@boston.com
117,825 Claremont Junction,Wyndham,Segrave,198-431-9265,wsegrave38@oaic.gov.au
118,01085 Southridge Park,Alasteir,Butrimovich,688-943-8997,abutrimovich39@cmu.edu
119,37852 Utah Parkway,Parsifal,Jindra,933-787-7659,pjindra3a@canalblog.com
120,54 Merchant Drive,Edik,Gaffney,149-254-0893,egaffney3b@tripod.com
121,22 Eastwood Drive,Andy,Prayer,414-415-0283,aprayer3c@mit.edu
122,422 Hintze Alley,Estell,Mayler,884-714-8086,emayler3d@dell.com
123,40 Prentice Terrace,Benjamin,Garrity,742-650-8865,bgarrity3e@typepad.com
124,9 Sunnyside Way,Steffane,Bickersteth,309-172-1236,sbickersteth3f@irs.gov
125,0 6th Road,Clara,Corbridge,212-695-6425,ccorbridge3g@prlog.org
126,8926 Barby Drive,Elenore,Shackelton,380-554-0852,eshackelton3h@ted.com
127,202 Mccormick Place,Ced,Claiden,319-270-0352,cclaiden3i@dailymail.co.uk
128,08 Fair Oaks Hill,Gina,Howerd,886-451-5201,ghowerd3j@forbes.com
129,3175 Moose Alley,Gerhardine,Blasik,670-647-1335,gblasik3k@oaic.gov.au
130,647 Melody Court,Holly,Clampe,554-483-6600,hclampe3l@shutterfly.com
131,7969 Pierstorff Pass,Meghann,Armal,860-529-6321,marmal3m@nbcnews.com
132,134 Hollow Ridge Drive,Ofella,Masterton,143-565-3592,omasterton3n@desdev.cn
133,5917 Glacier Hill Road,Gaynor,Gianelli,717-603-0634,ggianelli3o@wordpress.org
134,58839 Heffernan Park,Ashely,Giovani,631-719-0937,agiovani3p@sourceforge.net
135,1 Doe Crossing Way,Archibald,Sharma,450-521-5725,asharma3q@altervista.org
136,8832 Quincy Way,Luke,Robertis,383-864-1328,lrobertis3r@dell.com
137,26490 Service Street,Carney,MacGilpatrick,754-741-5428,cmacgilpatrick3s@mac.com
138,138 Homewood Pass,Lin,Mathers,790-507-7942,lmathers3t@dedecms.com
139,8 Lunder Terrace,Kissee,Cesconi,276-185-6221,kcesconi3u@zimbio.com
140,54567 Commercial Court,Errol,Brownjohn,869-490-6999,ebrownjohn3v@cbc.ca
141,27 Buell Parkway,Sybille,Hayton,286-321-5474,shayton3w@1und1.de
142,6268 Comanche Hill,Doris,Shall,889-717-2734,dshall3x@istockphoto.com
143,689 Carioca Street,Erina,Barfoot,995-736-5096,ebarfoot3y@newyorker.com
144,3306 Eastlawn Pass,Danyette,Agius,563-460-1020,dagius3z@reverbnation.com
145,3 Hintze Hill,Analise,Schwandermann,909-876-2536,aschwandermann40@tinyurl.com
146,9571 Schiller Pass,Dela,Overlow,920-239-4634,doverlow41@slideshare.net
147,7472 Buhler Place,Spence,Ivanenko,921-850-9501,sivanenko42@craigslist.org
148,0634 Grim Plaza,Greggory,De Benedetti,311-535-8806,gdebenedetti43@domainmarket.com
149,52 Prentice Trail,Olva,Mendoza,650-495-1049,omendoza44@topsy.com
150,59 Hintze Terrace,Stefa,Trevithick,479-945-3066,strevithick45@vkontakte.ru
151,55 Ridgeview Circle,Tailor,Sedgebeer,254-973-8570,tsedgebeer46@google.pl
152,318 Drewry Junction,Nancy,Balcon,767-540-2184,nbalcon47@zimbio.com
153,01432 Rusk Road,Kennith,Maliffe,691-871-7298,kmaliffe48@hhs.gov
154,53098 Merry Plaza,Kris,Clampett,158-454-9343,kclampett49@blinklist.com
155,17 Lyons Point,Piggy,Michel,211-827-1293,pmichel4a@google.cn
156,1 Forest Run Way,Ebonee,Crix,252-956-5370,ecrix4b@dmoz.org
157,771 Hollow Ridge Court,Ronnie,Gingel,523-558-3987,rgingel4c@istockphoto.com
158,8 Elmside Junction,Clarie,Ford,439-601-9830,cford4d@rakuten.co.jp
159,7 Tony Pass,Nell,Jansa,882-583-4071,njansa4e@de.vu
160,6 7th Road,Barn,Hanhart,173-155-8192,bhanhart4f@macromedia.com
161,174 Washington Court,Pier,Lum,331-920-1178,plum4g@nps.gov
162,6222 Old Gate Trail,Austin,Jeffers,368-399-4022,ajeffers4h@yelp.com
163,11 Pankratz Terrace,Garrott,McCome,688-919-3961,gmccome4i@prweb.com
164,8 Pennsylvania Hill,Dorthy,Folker,501-502-7830,dfolker4j@intel.com
165,8 Ridgeway Pass,Brittney,Commusso,684-444-3049,bcommusso4k@shutterfly.com
166,343 Pearson Court,Thom,O'Gormley,452-315-0891,togormley4l@mit.edu
167,0 Beilfuss Hill,Phillie,Mallinder,273-613-9010,pmallinder4m@vk.com
168,69665 Mcbride Alley,Rooney,Norcliff,893-742-7227,rnorcliff4n@ehow.com
169,7 Mallory Park,Hermann,Sparrowe,804-893-5709,hsparrowe4o@reference.com
170,65 Katie Park,Yorke,Karel,444-893-1960,ykarel4p@dell.com
171,5 Thompson Park,Wallie,Pietz,990-400-5635,wpietz4q@twitter.com
172,6509 Spohn Court,Carter,Castledine,309-602-5766,ccastledine4r@ihg.com
173,177 Kropf Street,Kirby,Gentiry,182-643-0290,kgentiry4s@icq.com
174,90 Burning Wood Terrace,Melisent,McCullough,443-484-7700,mmccullough4t@oakley.com
175,334 Kinsman Point,Blayne,Kelleher,581-574-2744,bkelleher4u@123-reg.co.uk
176,82063 Sunnyside Pass,Guthry,Alejandri,158-505-1798,galejandri4v@tripadvisor.com
177,34588 Porter Pass,Eleanore,Macklam,226-345-3160,emacklam4w@homestead.com
178,53 Dawn Crossing,Fan,Schaben,685-917-1752,fschaben4x@lycos.com
179,4230 Claremont Place,Kristan,D'Ambrosi,289-872-3036,kdambrosi4y@fda.gov
180,04 North Junction,Wilie,Iddison,549-854-7965,widdison4z@purevolume.com
181,0 Thackeray Circle,Baxy,Ambrosch,681-219-0636,bambrosch50@comsenz.com
182,4 Manley Park,Marna,Gisbye,972-990-7665,mgisbye51@1und1.de
183,7989 Pawling Place,Sibeal,Roof,182-391-8247,sroof52@ed.gov
184,22478 Maryland Junction,Kaila,Hacking,114-676-6892,khacking53@seesaa.net
185,55 Kedzie Plaza,Pier,Donnachie,288-967-9219,pdonnachie54@cbc.ca
186,92852 Petterle Way,Mattie,Alf,990-216-4392,malf55@buzzfeed.com
187,86964 Moulton Circle,Kaja,Bandy,860-139-1253,kbandy56@biglobe.ne.jp
188,634 Dottie Center,Jillana,Tropman,844-955-9584,jtropman57@geocities.com
189,1508 Raven Alley,Abby,Giercke,422-996-3234,agiercke58@sfgate.com
190,86 Iowa Alley,Tilda,Harral,992-413-9173,tharral59@smh.com.au
191,0351 Algoma Center,Melli,Cauldwell,885-491-7477,mcauldwell5a@fastcompany.com
192,673 Towne Point,Charline,Wenham,845-379-4891,cwenham5b@hp.com
193,84 Carioca Terrace,Clevie,Pargent,724-343-3379,cpargent5c@g.co
194,9262 Shelley Place,Wendie,von Grollmann,276-749-5327,wvongrollmann5d@huffingtonpost.com
195,44844 American Ash Pass,Elfreda,Fradgley,832-938-3635,efradgley5e@pagesperso-orange.fr
196,5 Burrows Alley,Job,Stirling,963-279-4606,jstirling5f@telegraph.co.uk
197,73 Trailsway Place,Marjory,Overland,848-148-9797,moverland5g@histats.com
198,91 Boyd Terrace,Lana,Keough,273-127-5301,lkeough5h@nationalgeographic.com
199,44479 Meadow Vale Park,Lalo,Morshead,726-870-6177,lmorshead5i@apache.org
200,03276 Evergreen Point,Aeriell,Dalrymple,318-330-9729,adalrymple5j@vimeo.com
